{
    "metrics": {
        "checks": {
            "fails": 0,
            "passes": 2636,
            "value": 0
        },
        "data_received": {
            "count": 348596502,
            "rate": 34859337.198011294
        },
        "data_sent": {
            "count": 470526,
            "rate": 47052.17751849806
        },
        "http_req_blocked": {
            "avg": 0.002755289074355083,
            "max": 0.13456,
            "med": 0.002285,
            "min": 0.001574,
            "p(90)": 0.0032530999999999997,
            "p(95)": 0.004195199999999996
        },
        "http_req_connecting": {
            "avg": 0.00006005159332321699,
            "max": 0.079148,
            "med": 0,
            "min": 0,
            "p(90)": 0,
            "p(95)": 0
        },
        "http_req_duration": {
            "avg": 6.21608326024279,
            "max": 17.487738,
            "med": 6.016982499999999,
            "min": 5.649205,
            "p(90)": 6.5041185,
            "p(95)": 6.862051749999997
        },
        "http_req_receiving": {
            "avg": 0.10095273975720787,
            "max": 0.446759,
            "med": 0.093098,
            "min": 0.064394,
            "p(90)": 0.1301609,
            "p(95)": 0.16055159999999993
        },
        "http_req_sending": {
            "avg": 0.014751412746585748,
            "max": 1.978976,
            "med": 0.012205500000000001,
            "min": 0.008623,
            "p(90)": 0.016930099999999997,
            "p(95)": 0.02065869999999998
        },
        "http_req_tls_handshaking": {
            "avg": 0,
            "max": 0,
            "med": 0,
            "min": 0,
            "p(90)": 0,
            "p(95)": 0
        },
        "http_req_waiting": {
            "avg": 6.100379107738995,
            "max": 17.330711,
            "med": 5.9128025,
            "min": 5.523687,
            "p(90)": 6.3822783,
            "p(95)": 6.717444649999999
        },
        "http_reqs": {
            "count": 1318,
            "rate": 131.79881657842594
        },
        "iteration_duration": {
            "avg": 7.570826234446133,
            "max": 23.174114,
            "med": 7.2850275,
            "min": 6.912723,
            "p(90)": 7.909136999999999,
            "p(95)": 8.910105
        },
        "iterations": {
            "count": 1318,
            "rate": 131.79881657842594
        },
        "vus": {
            "max": 1,
            "min": 1,
            "value": 1
        },
        "vus_max": {
            "max": 1,
            "min": 1,
            "value": 1
        }
    },
    "root_group": {
        "name": "",
        "path": "",
        "id": "d41d8cd98f00b204e9800998ecf8427e",
        "groups": {},
        "checks": {
            "is status 200": {
                "name": "is status 200",
                "path": "::is status 200",
                "id": "548d37ca5f33793206f7832e7cea54fb",
                "passes": 1319,
                "fails": 0
            },
            "no error in body": {
                "name": "no error in body",
                "path": "::no error in body",
                "id": "2304d1de9b435292b5c06f40b4167043",
                "passes": 1319,
                "fails": 0
            }
        }
    }
}
