{
    "metrics": {
        "checks": {
            "fails": 0,
            "passes": 8961,
            "value": 0
        },
        "data_received": {
            "count": 893113,
            "rate": 89310.96414611934
        },
        "data_sent": {
            "count": 681036,
            "rate": 68103.34389737528
        },
        "http_req_blocked": {
            "avg": 0.007215301640441917,
            "max": 0.257265,
            "med": 0.007018,
            "min": 0.001669,
            "p(90)": 0.009006,
            "p(95)": 0.010118999999999996
        },
        "http_req_connecting": {
            "avg": 0.00004760830264479411,
            "max": 0.142206,
            "med": 0,
            "min": 0,
            "p(90)": 0,
            "p(95)": 0
        },
        "http_req_duration": {
            "avg": 1.490934082356882,
            "max": 16.8523,
            "med": 1.559928,
            "min": 0.358295,
            "p(90)": 1.7829118,
            "p(95)": 1.8627442999999997
        },
        "http_req_receiving": {
            "avg": 0.08909780749916314,
            "max": 0.709561,
            "med": 0.089183,
            "min": 0.019452,
            "p(90)": 0.11682740000000001,
            "p(95)": 0.12765269999999998
        },
        "http_req_sending": {
            "avg": 0.03941798828255771,
            "max": 0.260932,
            "med": 0.040361,
            "min": 0.00822,
            "p(90)": 0.050726600000000004,
            "p(95)": 0.054684
        },
        "http_req_tls_handshaking": {
            "avg": 0,
            "max": 0,
            "med": 0,
            "min": 0,
            "p(90)": 0,
            "p(95)": 0
        },
        "http_req_waiting": {
            "avg": 1.3624182865751593,
            "max": 16.550276,
            "med": 1.427206,
            "min": 0.32832,
            "p(90)": 1.6208280000000002,
            "p(95)": 1.6973052
        },
        "http_reqs": {
            "count": 2987,
            "rate": 298.698876742874
        },
        "iteration_duration": {
            "avg": 3.3217210251088085,
            "max": 19.687063,
            "med": 3.307012,
            "min": 1.30826,
            "p(90)": 3.5578256,
            "p(95)": 3.6601061
        },
        "iterations": {
            "count": 2987,
            "rate": 298.698876742874
        },
        "vus": {
            "max": 1,
            "min": 1,
            "value": 1
        },
        "vus_max": {
            "max": 1,
            "min": 1,
            "value": 1
        }
    },
    "root_group": {
        "name": "",
        "path": "",
        "id": "d41d8cd98f00b204e9800998ecf8427e",
        "groups": {},
        "checks": {
            "is status 200": {
                "name": "is status 200",
                "path": "::is status 200",
                "id": "548d37ca5f33793206f7832e7cea54fb",
                "passes": 2988,
                "fails": 0
            },
            "no error in body": {
                "name": "no error in body",
                "path": "::no error in body",
                "id": "2304d1de9b435292b5c06f40b4167043",
                "passes": 2988,
                "fails": 0
            },
            "result count matches": {
                "name": "result count matches",
                "path": "::result count matches",
                "id": "4b1f9631920eb6ef9411ee0101be1bf3",
                "passes": 2988,
                "fails": 0
            }
        }
    }
}
