{
    "metrics": {
        "checks": {
            "fails": 0,
            "passes": 11868,
            "value": 0
        },
        "data_received": {
            "count": 3469412,
            "rate": 346937.7763486354
        },
        "data_sent": {
            "count": 1222404,
            "rate": 122239.19371918852
        },
        "http_req_blocked": {
            "avg": 0.005054663043478251,
            "max": 0.754672,
            "med": 0.004641,
            "min": 0.001513,
            "p(90)": 0.0055975,
            "p(95)": 0.00668425
        },
        "http_req_connecting": {
            "avg": 0.00003310490394337715,
            "max": 0.130963,
            "med": 0,
            "min": 0,
            "p(90)": 0,
            "p(95)": 0
        },
        "http_req_duration": {
            "avg": 1.6278830295753297,
            "max": 14.114995,
            "med": 1.643397,
            "min": 0.62072,
            "p(90)": 1.82616,
            "p(95)": 1.9475295
        },
        "http_req_receiving": {
            "avg": 0.06126190065722951,
            "max": 0.51679,
            "med": 0.059423000000000004,
            "min": 0.018085,
            "p(90)": 0.0778055,
            "p(95)": 0.085181
        },
        "http_req_sending": {
            "avg": 0.025477036147623786,
            "max": 0.127506,
            "med": 0.024897000000000002,
            "min": 0.007344,
            "p(90)": 0.0322615,
            "p(95)": 0.034715750000000004
        },
        "http_req_tls_handshaking": {
            "avg": 0,
            "max": 0,
            "med": 0,
            "min": 0,
            "p(90)": 0,
            "p(95)": 0
        },
        "http_req_waiting": {
            "avg": 1.541144092770477,
            "max": 14.003288,
            "med": 1.5563825,
            "min": 0.591052,
            "p(90)": 1.7251940000000001,
            "p(95)": 1.8499292500000002
        },
        "http_reqs": {
            "count": 3956,
            "rate": 395.59609617860366
        },
        "iteration_duration": {
            "avg": 2.5106235942871558,
            "max": 15.062182,
            "med": 2.4908400000000004,
            "min": 1.386827,
            "p(90)": 2.6978425,
            "p(95)": 2.80150725
        },
        "iterations": {
            "count": 3956,
            "rate": 395.59609617860366
        },
        "vus": {
            "max": 1,
            "min": 1,
            "value": 1
        },
        "vus_max": {
            "max": 1,
            "min": 1,
            "value": 1
        }
    },
    "root_group": {
        "name": "",
        "path": "",
        "id": "d41d8cd98f00b204e9800998ecf8427e",
        "groups": {},
        "checks": {
            "is status 200": {
                "name": "is status 200",
                "path": "::is status 200",
                "id": "548d37ca5f33793206f7832e7cea54fb",
                "passes": 3957,
                "fails": 0
            },
            "no error in body": {
                "name": "no error in body",
                "path": "::no error in body",
                "id": "2304d1de9b435292b5c06f40b4167043",
                "passes": 3957,
                "fails": 0
            },
            "result count matches": {
                "name": "result count matches",
                "path": "::result count matches",
                "id": "4b1f9631920eb6ef9411ee0101be1bf3",
                "passes": 3957,
                "fails": 0
            }
        }
    }
}
